{
  "manifest": {
    "apis": {
      "custom": {
        "endpoint": {
          "uri": "arn:aws:lambda:us-east-1:495614708456:function:a130f521-3bb8-4623-aa06-88b0759f9b6f:Release_0"
        },
        "interfaces": [],
        "locales": {},
        "regions": {
          "NA": {
            "endpoint": {
              "uri": "arn:aws:lambda:us-east-1:495614708456:function:a130f521-3bb8-4623-aa06-88b0759f9b6f:Release_0"
            }
          },
          "EU": {
            "endpoint": {
              "uri": "arn:aws:lambda:eu-west-1:495614708456:function:a130f521-3bb8-4623-aa06-88b0759f9b6f:Release_0"
            }
          },
          "FE": {
            "endpoint": {
              "uri": "arn:aws:lambda:us-west-2:495614708456:function:a130f521-3bb8-4623-aa06-88b0759f9b6f:Release_0"
            }
          }
        }
      }
    },
    "publishingInformation": {
      "locales": {
        "es-MX": {
          "name": "ClimaOpenWeatherMap"
        }
      }
    }
  }
}