{
  "interactionModel": {
    "languageModel": {
      "intents": [
        {
          "name": "AMAZON.CancelIntent",
          "samples": []
        },
        {
          "name": "AMAZON.HelpIntent",
          "samples": []
        },
        {
          "name": "AMAZON.StopIntent",
          "samples": []
        },
        {
          "slots": [],
          "name": "Clima",
          "samples": [
            "tiempo",
            "Dame el clima",
            "Dame la temperatura",
            "temperatura",
            "clima"
          ]
        },
        {
          "name": "AMAZON.NavigateHomeIntent",
          "samples": []
        }
      ],
      "types": [],
      "invocationName": "temperatura ubicacion"
    }
  }
}